Website category,Credential,Medium Total #,Medium Accept #,Medium Accept %,Small Total #,Small Accept #,Small Accept %,Difference %,Chi2 Value,p-Value
Pharmacy,Bank credentials,405,67,16.54%,389,67,17.22%,-0.68%,0.07,0.798
Pharmacy,Birth certificate,405,10,2.47%,389,7,1.80%,0.67%,0.42,0.5146
Pharmacy,Diploma,405,1,0.25%,389,5,1.29%,-1.04%,2.85,0.1166
Pharmacy,Disability status,405,111,27.41%,389,99,25.45%,1.96%,0.39,0.5319
Pharmacy,Driver's license,405,14,3.46%,389,7,1.80%,1.66%,2.12,0.1457
Pharmacy,Employment history,405,2,0.49%,389,3,0.77%,-0.28%,0.24,0.6806
Pharmacy,Health insurance,405,291,71.85%,389,285,73.26%,-1.41%,0.2,0.6556
Pharmacy,Marriage certificate,405,2,0.49%,389,3,0.77%,-0.28%,0.24,0.6806
Pharmacy,Medical records,405,166,40.99%,389,157,40.36%,0.63%,0.03,0.8571
Pharmacy,Official Identity Document,405,199,49.14%,389,182,46.79%,2.35%,0.44,0.5077
Pharmacy,Prescriptions,405,326,80.49%,389,319,82.01%,-1.51%,0.3,0.5856
Pharmacy,Professional licenses,405,7,1.73%,389,8,2.06%,-0.33%,0.12,0.7342
Pharmacy,University transcript,405,2,0.49%,389,1,0.26%,0.24%,0.3,1.0
Pharmacy,Visa,405,3,0.74%,389,4,1.03%,-0.29%,0.19,0.7203
Online Doctors,Bank credentials,0,0,,1143,76,6.65%,,,
Online Doctors,Birth certificate,0,0,,1143,87,7.61%,,,
Online Doctors,Diploma,0,0,,1143,15,1.31%,,,
Online Doctors,Disability status,0,0,,1143,553,48.38%,,,
Online Doctors,Driver's license,0,0,,1143,25,2.19%,,,
Online Doctors,Employment history,0,0,,1143,31,2.71%,,,
Online Doctors,Health insurance,0,0,,1143,977,85.48%,,,
Online Doctors,Marriage certificate,0,0,,1143,10,0.87%,,,
Online Doctors,Medical records,0,0,,1143,983,86.00%,,,
Online Doctors,Official Identity Document,0,0,,1143,655,57.31%,,,
Online Doctors,Prescriptions,0,0,,1143,894,78.22%,,,
Online Doctors,Professional licenses,0,0,,1143,19,1.66%,,,
Online Doctors,University transcript,0,0,,1143,8,0.70%,,,
Online Doctors,Visa,0,0,,1143,21,1.84%,,,
Government,Bank credentials,134,29,21.64%,406,95,23.40%,-1.76%,0.18,0.675
Government,Birth certificate,134,77,57.46%,406,198,48.77%,8.69%,3.05,0.0809
Government,Diploma,134,18,13.43%,406,78,19.21%,-5.78%,2.3,0.1292
Government,Disability status,134,37,27.61%,406,112,27.59%,0.03%,0.0,0.9954
Government,Driver's license,134,57,42.54%,406,174,42.86%,-0.32%,0.0,0.9483
Government,Employment history,134,24,17.91%,406,75,18.47%,-0.56%,0.02,0.884
Government,Health insurance,134,43,32.09%,406,144,35.47%,-3.38%,0.51,0.476
Government,Marriage certificate,134,57,42.54%,406,165,40.64%,1.90%,0.15,0.6988
Government,Medical records,134,14,10.45%,406,50,12.32%,-1.87%,0.34,0.562
Government,Official Identity Document,134,130,97.01%,406,387,95.32%,1.69%,0.71,0.3996
Government,Prescriptions,134,8,5.97%,406,36,8.87%,-2.90%,1.13,0.2879
Government,Professional licenses,134,22,16.42%,406,83,20.44%,-4.03%,1.04,0.3073
Government,University transcript,134,12,8.96%,406,42,10.34%,-1.39%,0.22,0.642
Government,Visa,134,62,46.27%,406,173,42.61%,3.66%,0.55,0.459
International Ground Travel,Bank credentials,407,107,26.29%,403,94,23.33%,2.96%,0.95,0.3287
International Ground Travel,Birth certificate,407,8,1.97%,403,1,0.25%,1.72%,5.44,0.038
International Ground Travel,Diploma,407,4,0.98%,403,5,1.24%,-0.26%,0.12,0.7515
International Ground Travel,Disability status,407,50,12.29%,403,40,9.93%,2.36%,1.14,0.2854
International Ground Travel,Driver's license,407,28,6.88%,403,20,4.96%,1.92%,1.33,0.248
International Ground Travel,Employment history,407,3,0.74%,403,4,0.99%,-0.26%,0.15,0.7242
International Ground Travel,Health insurance,407,16,3.93%,403,14,3.47%,0.46%,0.12,0.7304
International Ground Travel,Marriage certificate,407,4,0.98%,403,1,0.25%,0.73%,1.78,0.3735
International Ground Travel,Medical records,407,6,1.47%,403,4,0.99%,0.48%,0.39,0.7524
International Ground Travel,Official Identity Document,407,230,56.51%,403,199,49.38%,7.13%,4.13,0.042
International Ground Travel,Prescriptions,407,5,1.23%,403,3,0.74%,0.48%,0.49,0.7252
International Ground Travel,Professional licenses,407,3,0.74%,403,5,1.24%,-0.50%,0.53,0.5038
International Ground Travel,University transcript,407,7,1.72%,403,7,1.74%,-0.02%,0.0,0.9851
International Ground Travel,Visa,407,68,16.71%,403,62,15.38%,1.32%,0.26,0.608
Banks,Bank credentials,377,299,79.31%,397,310,78.09%,1.22%,0.17,0.6775
Banks,Birth certificate,377,32,8.49%,397,42,10.58%,-2.09%,0.98,0.3227
Banks,Diploma,377,11,2.92%,397,12,3.02%,-0.10%,0.01,0.9315
Banks,Disability status,377,14,3.71%,397,19,4.79%,-1.07%,0.54,0.4605
Banks,Driver's license,377,25,6.63%,397,36,9.07%,-2.44%,1.58,0.2085
Banks,Employment history,377,27,7.16%,397,48,12.09%,-4.93%,5.37,0.0205
Banks,Health insurance,377,22,5.84%,397,37,9.32%,-3.48%,3.33,0.0679
Banks,Marriage certificate,377,20,5.31%,397,22,5.54%,-0.24%,0.02,0.8846
Banks,Medical records,377,8,2.12%,397,9,2.27%,-0.14%,0.02,0.8906
Banks,Official Identity Document,377,361,95.76%,397,378,95.21%,0.54%,0.13,0.7169
Banks,Prescriptions,377,5,1.33%,397,3,0.76%,0.57%,0.62,0.4954
Banks,Professional licenses,377,16,4.24%,397,25,6.30%,-2.05%,1.62,0.2024
Banks,University transcript,377,9,2.39%,397,9,2.27%,0.12%,0.01,0.9116
Banks,Visa,377,35,9.28%,397,48,12.09%,-2.81%,1.59,0.2071
Real Estate,Bank credentials,0,0,,0,0,,,nan,nan
Real Estate,Birth certificate,0,0,,0,0,,,nan,nan
Real Estate,Diploma,0,0,,0,0,,,nan,nan
Real Estate,Disability status,0,0,,0,0,,,nan,nan
Real Estate,Driver's license,0,0,,0,0,,,nan,nan
Real Estate,Employment history,0,0,,0,0,,,nan,nan
Real Estate,Health insurance,0,0,,0,0,,,nan,nan
Real Estate,Marriage certificate,0,0,,0,0,,,nan,nan
Real Estate,Medical records,0,0,,0,0,,,nan,nan
Real Estate,Official Identity Document,0,0,,0,0,,,nan,nan
Real Estate,Prescriptions,0,0,,0,0,,,nan,nan
Real Estate,Professional licenses,0,0,,0,0,,,nan,nan
Real Estate,University transcript,0,0,,0,0,,,nan,nan
Real Estate,Visa,0,0,,0,0,,,nan,nan
University,Bank credentials,387,20,5.17%,411,27,6.57%,-1.40%,0.71,0.4007
University,Birth certificate,387,34,8.79%,411,28,6.81%,1.97%,1.08,0.2981
University,Diploma,387,283,73.13%,411,283,68.86%,4.27%,1.76,0.1843
University,Disability status,387,47,12.14%,411,43,10.46%,1.68%,0.56,0.4527
University,Driver's license,387,17,4.39%,411,13,3.16%,1.23%,0.83,0.3614
University,Employment history,387,98,25.32%,411,90,21.90%,3.43%,1.3,0.2545
University,Health insurance,387,30,7.75%,411,20,4.87%,2.89%,2.83,0.0927
University,Marriage certificate,387,1,0.26%,411,5,1.22%,-0.96%,2.45,0.2183
University,Medical records,387,9,2.33%,411,8,1.95%,0.38%,0.14,0.7109
University,Official Identity Document,387,307,79.33%,411,298,72.51%,6.82%,5.06,0.0245
University,Prescriptions,387,3,0.78%,411,3,0.73%,0.05%,0.01,1.0
University,Professional licenses,387,94,24.29%,411,92,22.38%,1.90%,0.4,0.5247
University,University transcript,387,299,77.26%,411,306,74.45%,2.81%,0.86,0.3545
University,Visa,387,92,23.77%,411,78,18.98%,4.79%,2.73,0.0983
News,Bank credentials,391,3,0.77%,390,10,2.56%,-1.80%,3.85,0.0497
News,Birth certificate,391,7,1.79%,390,7,1.79%,-0.00%,0.0,0.9961
News,Diploma,391,9,2.30%,390,4,1.03%,1.28%,1.94,0.1634
News,Disability status,391,4,1.02%,390,3,0.77%,0.25%,0.14,1.0
News,Driver's license,391,4,1.02%,390,9,2.31%,-1.28%,1.97,0.1606
News,Employment history,391,8,2.05%,390,5,1.28%,0.76%,0.7,0.4041
News,Health insurance,391,2,0.51%,390,2,0.51%,-0.00%,0.0,1.0
News,Marriage certificate,391,1,0.26%,390,0,0.00%,0.26%,1.0,1.0
News,Medical records,391,2,0.51%,390,2,0.51%,-0.00%,0.0,1.0
News,Official Identity Document,391,90,23.02%,390,69,17.69%,5.33%,3.42,0.0646
News,Prescriptions,391,1,0.26%,390,2,0.51%,-0.26%,0.34,0.624
News,Professional licenses,391,8,2.05%,390,5,1.28%,0.76%,0.7,0.4041
News,University transcript,391,5,1.28%,390,2,0.51%,0.77%,1.29,0.451
News,Visa,391,3,0.77%,390,3,0.77%,-0.00%,0.0,1.0
Car Rentals,Bank credentials,0,0,,621,201,32.37%,,,
Car Rentals,Birth certificate,0,0,,621,12,1.93%,,,
Car Rentals,Diploma,0,0,,621,8,1.29%,,,
Car Rentals,Disability status,0,0,,621,75,12.08%,,,
Car Rentals,Driver's license,0,0,,621,559,90.02%,,,
Car Rentals,Employment history,0,0,,621,8,1.29%,,,
Car Rentals,Health insurance,0,0,,621,42,6.76%,,,
Car Rentals,Marriage certificate,0,0,,621,4,0.64%,,,
Car Rentals,Medical records,0,0,,621,13,2.09%,,,
Car Rentals,Official Identity Document,0,0,,621,432,69.57%,,,
Car Rentals,Prescriptions,0,0,,621,7,1.13%,,,
Car Rentals,Professional licenses,0,0,,621,21,3.38%,,,
Car Rentals,University transcript,0,0,,621,5,0.81%,,,
Car Rentals,Visa,0,0,,621,63,10.14%,,,
Video Games,Bank credentials,0,0,,0,0,,,nan,nan
Video Games,Birth certificate,0,0,,0,0,,,nan,nan
Video Games,Diploma,0,0,,0,0,,,nan,nan
Video Games,Disability status,0,0,,0,0,,,nan,nan
Video Games,Driver's license,0,0,,0,0,,,nan,nan
Video Games,Employment history,0,0,,0,0,,,nan,nan
Video Games,Health insurance,0,0,,0,0,,,nan,nan
Video Games,Marriage certificate,0,0,,0,0,,,nan,nan
Video Games,Medical records,0,0,,0,0,,,nan,nan
Video Games,Official Identity Document,0,0,,0,0,,,nan,nan
Video Games,Prescriptions,0,0,,0,0,,,nan,nan
Video Games,Professional licenses,0,0,,0,0,,,nan,nan
Video Games,University transcript,0,0,,0,0,,,nan,nan
Video Games,Visa,0,0,,0,0,,,nan,nan
Social Media,Bank credentials,0,0,,0,0,,,nan,nan
Social Media,Birth certificate,0,0,,0,0,,,nan,nan
Social Media,Diploma,0,0,,0,0,,,nan,nan
Social Media,Disability status,0,0,,0,0,,,nan,nan
Social Media,Driver's license,0,0,,0,0,,,nan,nan
Social Media,Employment history,0,0,,0,0,,,nan,nan
Social Media,Health insurance,0,0,,0,0,,,nan,nan
Social Media,Marriage certificate,0,0,,0,0,,,nan,nan
Social Media,Medical records,0,0,,0,0,,,nan,nan
Social Media,Official Identity Document,0,0,,0,0,,,nan,nan
Social Media,Prescriptions,0,0,,0,0,,,nan,nan
Social Media,Professional licenses,0,0,,0,0,,,nan,nan
Social Media,University transcript,0,0,,0,0,,,nan,nan
Social Media,Visa,0,0,,0,0,,,nan,nan
Encyclopedia,Bank credentials,397,7,1.76%,395,4,1.01%,0.75%,0.81,0.3668
Encyclopedia,Birth certificate,397,5,1.26%,395,2,0.51%,0.75%,1.28,0.4511
Encyclopedia,Diploma,397,35,8.82%,395,46,11.65%,-2.83%,1.73,0.1889
Encyclopedia,Disability status,397,2,0.50%,395,3,0.76%,-0.26%,0.21,0.6859
Encyclopedia,Driver's license,397,7,1.76%,395,4,1.01%,0.75%,0.81,0.3668
Encyclopedia,Employment history,397,16,4.03%,395,19,4.81%,-0.78%,0.29,0.5934
Encyclopedia,Health insurance,397,4,1.01%,395,4,1.01%,-0.01%,0.0,1.0
Encyclopedia,Marriage certificate,397,3,0.76%,395,2,0.51%,0.25%,0.2,1.0
Encyclopedia,Medical records,397,2,0.50%,395,4,1.01%,-0.51%,0.68,0.4505
Encyclopedia,Official Identity Document,397,54,13.60%,395,34,8.61%,4.99%,5.0,0.0253
Encyclopedia,Prescriptions,397,2,0.50%,395,4,1.01%,-0.51%,0.68,0.4505
Encyclopedia,Professional licenses,397,33,8.31%,395,26,6.58%,1.73%,0.86,0.3539
Encyclopedia,University transcript,397,23,5.79%,395,32,8.10%,-2.31%,1.63,0.2014
Encyclopedia,Visa,397,4,1.01%,395,4,1.01%,-0.01%,0.0,1.0
Search Engine,Bank credentials,394,4,1.02%,395,1,0.25%,0.76%,1.82,0.217
Search Engine,Birth certificate,394,3,0.76%,395,8,2.03%,-1.26%,2.29,0.13
Search Engine,Diploma,394,4,1.02%,395,2,0.51%,0.51%,0.68,0.451
Search Engine,Disability status,394,2,0.51%,395,1,0.25%,0.25%,0.34,0.624
Search Engine,Driver's license,394,3,0.76%,395,5,1.27%,-0.50%,0.5,0.7252
Search Engine,Employment history,394,3,0.76%,395,4,1.01%,-0.25%,0.14,1.0
Search Engine,Health insurance,394,3,0.76%,395,2,0.51%,0.26%,0.2,0.6863
Search Engine,Marriage certificate,394,2,0.51%,395,0,0.00%,0.51%,2.01,0.249
Search Engine,Medical records,394,3,0.76%,395,0,0.00%,0.76%,3.02,0.1241
Search Engine,Official Identity Document,394,32,8.12%,395,34,8.61%,-0.49%,0.06,0.8054
Search Engine,Prescriptions,394,2,0.51%,395,0,0.00%,0.51%,2.01,0.249
Search Engine,Professional licenses,394,3,0.76%,395,6,1.52%,-0.76%,1.0,0.5053
Search Engine,University transcript,394,3,0.76%,395,1,0.25%,0.51%,1.01,0.3734
Search Engine,Visa,394,4,1.02%,395,3,0.76%,0.26%,0.15,0.7252
Payment Services,Bank credentials,0,0,,0,0,,,nan,nan
Payment Services,Birth certificate,0,0,,0,0,,,nan,nan
Payment Services,Diploma,0,0,,0,0,,,nan,nan
Payment Services,Disability status,0,0,,0,0,,,nan,nan
Payment Services,Driver's license,0,0,,0,0,,,nan,nan
Payment Services,Employment history,0,0,,0,0,,,nan,nan
Payment Services,Health insurance,0,0,,0,0,,,nan,nan
Payment Services,Marriage certificate,0,0,,0,0,,,nan,nan
Payment Services,Medical records,0,0,,0,0,,,nan,nan
Payment Services,Official Identity Document,0,0,,0,0,,,nan,nan
Payment Services,Prescriptions,0,0,,0,0,,,nan,nan
Payment Services,Professional licenses,0,0,,0,0,,,nan,nan
Payment Services,University transcript,0,0,,0,0,,,nan,nan
Payment Services,Visa,0,0,,0,0,,,nan,nan
Job Platforms,Bank credentials,298,11,3.69%,758,26,3.43%,0.26%,0.04,0.8354
Job Platforms,Birth certificate,298,9,3.02%,758,28,3.69%,-0.67%,0.29,0.592
Job Platforms,Diploma,298,208,69.80%,758,527,69.53%,0.27%,0.01,0.9307
Job Platforms,Disability status,298,48,16.11%,758,115,15.17%,0.94%,0.14,0.7048
Job Platforms,Driver's license,298,63,21.14%,758,142,18.73%,2.41%,0.79,0.3734
Job Platforms,Employment history,298,249,83.56%,758,629,82.98%,0.58%,0.05,0.8221
Job Platforms,Health insurance,298,12,4.03%,758,45,5.94%,-1.91%,1.53,0.2164
Job Platforms,Marriage certificate,298,6,2.01%,758,9,1.19%,0.83%,1.04,0.3847
Job Platforms,Medical records,298,12,4.03%,758,27,3.56%,0.46%,0.13,0.7185
Job Platforms,Official Identity Document,298,168,56.38%,758,385,50.79%,5.58%,2.67,0.102
Job Platforms,Prescriptions,298,4,1.34%,758,7,0.92%,0.42%,0.36,0.5155
Job Platforms,Professional licenses,298,207,69.46%,758,523,69.00%,0.47%,0.02,0.8828
Job Platforms,University transcript,298,98,32.89%,758,311,41.03%,-8.14%,5.98,0.0145
Job Platforms,Visa,298,38,12.75%,758,143,18.87%,-6.11%,5.63,0.0177
Air Travel,Bank credentials,238,79,33.19%,461,147,31.89%,1.31%,0.12,0.7265
Air Travel,Birth certificate,238,4,1.68%,461,17,3.69%,-2.01%,2.17,0.1408
Air Travel,Diploma,238,2,0.84%,461,2,0.43%,0.41%,0.46,0.6085
Air Travel,Disability status,238,52,21.85%,461,81,17.57%,4.28%,1.86,0.1721
Air Travel,Driver's license,238,17,7.14%,461,36,7.81%,-0.67%,0.1,0.7525
Air Travel,Employment history,238,1,0.42%,461,4,0.87%,-0.45%,0.44,0.6662
Air Travel,Health insurance,238,16,6.72%,461,33,7.16%,-0.44%,0.05,0.8307
Air Travel,Marriage certificate,238,2,0.84%,461,6,1.30%,-0.46%,0.3,0.7226
Air Travel,Medical records,238,6,2.52%,461,17,3.69%,-1.17%,0.67,0.4126
Air Travel,Official Identity Document,238,172,72.27%,461,330,71.58%,0.69%,0.04,0.8486
Air Travel,Prescriptions,238,5,2.10%,461,6,1.30%,0.80%,0.65,0.523
Air Travel,Professional licenses,238,1,0.42%,461,6,1.30%,-0.88%,1.23,0.4324
Air Travel,University transcript,238,4,1.68%,461,2,0.43%,1.25%,2.87,0.1878
Air Travel,Visa,238,113,47.48%,461,179,38.83%,8.65%,4.83,0.028
E-Commerce,Bank credentials,153,60,39.22%,301,76,25.25%,13.97%,9.43,0.0021
E-Commerce,Birth certificate,153,4,2.61%,301,4,1.33%,1.29%,0.97,0.4515
E-Commerce,Diploma,153,3,1.96%,301,4,1.33%,0.63%,0.27,0.6925
E-Commerce,Disability status,153,5,3.27%,301,4,1.33%,1.94%,1.96,0.172
E-Commerce,Driver's license,153,3,1.96%,301,3,1.00%,0.96%,0.72,0.4097
E-Commerce,Employment history,153,4,2.61%,301,3,1.00%,1.62%,1.75,0.2323
E-Commerce,Health insurance,153,2,1.31%,301,6,1.99%,-0.69%,0.28,0.723
E-Commerce,Marriage certificate,153,2,1.31%,301,1,0.33%,0.97%,1.47,0.2637
E-Commerce,Medical records,153,1,0.65%,301,1,0.33%,0.32%,0.24,1.0
E-Commerce,Official Identity Document,153,31,20.26%,301,41,13.62%,6.64%,3.35,0.0671
E-Commerce,Prescriptions,153,2,1.31%,301,1,0.33%,0.97%,1.47,0.2637
E-Commerce,Professional licenses,153,2,1.31%,301,8,2.66%,-1.35%,0.86,0.5064
E-Commerce,University transcript,153,2,1.31%,301,3,1.00%,0.31%,0.09,1.0
E-Commerce,Visa,153,2,1.31%,301,5,1.66%,-0.35%,0.08,1.0
